,precision,recall,f1-score,support
positive,0.6909090909090909,0.8036876355748374,0.7430433692654801,1844.0
negative,0.8192352259559675,0.4862448418156809,0.6102719033232629,1454.0
neutral,0.01953125,0.3431372549019608,0.03695881731784583,102.0
micro avg,0.4633333333333333,0.6541176470588236,0.5424390243902439,3400.0
macro avg,0.5098918556216862,0.5443565774308263,0.4634246966355296,3400.0
weighted avg,0.725646049904806,0.6541176470588236,0.6650815058011734,3400.0
